name,platform,url,notes
Tom's Hardware,Review Site,https://www.tomshardware.com/,Tech reviews with Amazon Associates - high traffic potential
Slickdeals,Deal Site,https://slickdeals.net/,Major deal site using Amazon Associates - Prime Day focused
Hip2Save,Deal Blog,https://hip2save.com/,Coupon/deal site with Amazon affiliate links
DealNews,Deal Aggregator,https://www.dealnews.com/,Large deal site - uses affiliate programs
Chef iO Cookers,Niche Review,https://chefio.com/,Kitchen product reviews - Amazon Associates
Ruled.me,Keto Blog,https://ruled.me/,Keto recipes with equipment recommendations - Amazon affiliate
Authority Hacker,Marketing Blog,https://www.authorityhacker.com/,Affiliate marketing education - uses Amazon
Wirecutter,Review Site,https://www.nytimes.com/wirecutter/,Major review site (NYT owned) - uses Amazon Associates
NerdWallet,Finance Reviews,https://www.nerdwallet.com/,Credit cards + product reviews with affiliate links
RTINGS.com,Product Reviews,https://www.rtings.com/,Tech product reviews - heavy Amazon Associates user
OutdoorGearLab,Outdoor Reviews,https://www.outdoorgearlab.com/,Outdoor gear reviews - affiliate links
BabyGearLab,Baby Reviews,https://www.babygearlab.com/,Baby products - Amazon affiliate
Switchback Travel,Travel Gear,https://www.switchbacktravel.com/,Outdoor/travel gear - uses affiliate links
Garage Gym Reviews,Fitness,https://garagegymreviews.com/,Home gym equipment - Amazon Associates
Hike It Baby,Family Outdoor,https://hikeitbaby.com/,Family hiking content - affiliate potential
SoundGuys,Audio Reviews,https://www.soundguys.com/,Audio gear reviews - Amazon affiliate
The Verge,Tech Media,https://www.theverge.com/,Major tech publication - affiliate links in reviews
CNET,Tech Reviews,https://www.cnet.com/,Legacy tech reviews - heavy Amazon affiliate use
The Points Guy,Travel,https://thepointsguy.com/,Travel gear + credit cards - affiliate revenue
GearJunkie,Outdoor,https://gearjunkie.com/,Outdoor gear reviews - Amazon Associates
